RefSeq,Name,microRNA,Sites,Score
NM_002131;NM_145899;NM_145901;NM_145902;NM_145903;NM_145904;NM_145905,HMGA1,hsa-miR-26a,1,-16.49
NM_012316,KPNA6,hsa-miR-26a,2,-16.13
NM_178313,SPTBN1,hsa-miR-26a,1,-15.92
NM_005964,MYH10,hsa-miR-26a,1,-15.58
NM_001310,CREBL2,hsa-miR-26a,1,-14.65
NM_006254;NM_212539,PRKCD,hsa-miR-26a,1,-14.02
NM_003370,VASP,hsa-miR-26a,1,-14.01
NM_017640,LRRC16,hsa-miR-26a,1,-13.37
NM_001079843,CASZ1,hsa-miR-26a,1,-13.3
NM_001002838;NM_020922,WNK3,hsa-miR-26a,2,-13.27
NM_001001342;NM_173809,BLOC1S2,hsa-miR-26a,1,-12.77
NM_020782,KLHDC5,hsa-miR-26a,2,-12.75
NM_018223,CHFR,hsa-miR-26a,1,-12.72
NM_021180;NM_198173;NM_198174,GRHL3,hsa-miR-26a,1,-12.72
NM_004973,JARID2,hsa-miR-26a,1,-12.66
NM_014643,ZNF516,hsa-miR-26a,1,-12.6
NM_001001549;NM_001001550;NM_001001555;NM_005311,GRB10,hsa-miR-26a,1,-12.54
NM_020774,MIB1,hsa-miR-26a,1,-12.4
NM_015439,CCDC28A,hsa-miR-26a,1,-12.39
NM_014877,HELZ,hsa-miR-26a,1,-12.35
NM_018571,ALS2CR2,hsa-miR-26a,2,-12.24
NM_004992,MECP2,hsa-miR-26a,1,-12.12
NM_003477,PDHX,hsa-miR-26a,1,-12
NM_024111,CHAC1,hsa-miR-26a,1,-11.99
NM_022494,ZDHHC6,hsa-miR-26a,1,-11.94
NM_013390,TMEM2,hsa-miR-26a,1,-11.68
NM_017680,ASPN,hsa-miR-26a,1,-11.61
NM_003463,PTP4A1,hsa-miR-26a,1,-11.6
NM_001109977,LOC729830,hsa-miR-26a,1,-11.53
NM_006352;NM_205768,ZNF238,hsa-miR-26a,1,-11.53
NM_001101802;NM_016621,PHF21A,hsa-miR-26a,1,-11.52
NM_021188,ZNF410,hsa-miR-26a,1,-11.43
NM_014767,SPOCK2,hsa-miR-26a,1,-11.4
NM_003498,SNN,hsa-miR-26a,1,-11.19
NM_002738,PRKCB1,hsa-miR-26a,1,-11.14
NM_001025068;NM_001025069;NM_198399,ARPP-21,hsa-miR-26a,1,-11.06
NM_001080485,ZNF275,hsa-miR-26a,1,-11.04
NM_021240,DMRT3,hsa-miR-26a,1,-10.98
NM_019035,PCDH18,hsa-miR-26a,1,-10.95
NM_004700;NM_172163,KCNQ4,hsa-miR-26a,1,-10.86
NM_138369,FAM44B,hsa-miR-26a,1,-10.74
NM_006662,SRCAP,hsa-miR-26a,2,-10.71
NM_199129,Kua,hsa-miR-26a,1,-10.62
NM_004431,EPHA2,hsa-miR-26a,1,-10.59
NM_173595,ANKRD52,hsa-miR-26a,1,-10.58
NM_018976,SLC38A2,hsa-miR-26a,2,-10.38
NM_015103,PLXND1,hsa-miR-26a,1,-10.34
NM_018387,STRBP,hsa-miR-26a,1,-10.27
NM_001101676,SAMD12,hsa-miR-26a,3,-10.24
NM_022893,BCL11A,hsa-miR-26a,1,-10.23
NM_153020,RBM24,hsa-miR-26a,1,-10.09
NM_014982,PCNX,hsa-miR-26a,1,-10.07
NM_014299,BRD4,hsa-miR-26a,1,-10.06
NM_198270,NHS,hsa-miR-26a,2,-10.03
NM_006838,METAP2,hsa-miR-26a,1,-9.98
NM_015170,SULF1,hsa-miR-26a,1,-9.88
NM_015447,CAMSAP1,hsa-miR-26a,1,-9.83
NM_015097,CLASP2,hsa-miR-26a,2,-9.78
NM_032505,KBTBD8,hsa-miR-26a,1,-9.72
NM_199245,VAMP1,hsa-miR-26a,1,-9.71
NM_018159,NUDT11,hsa-miR-26a,1,-9.7
NM_005245,FAT,hsa-miR-26a,1,-9.66
NM_002214,ITGB8,hsa-miR-26a,1,-9.65
NM_025185,TANC2,hsa-miR-26a,2,-9.64
NM_000314,PTEN,hsa-miR-26a,2,-9.63
NM_032283,ZDHHC18,hsa-miR-26a,1,-9.62
NM_001003688;NM_005900,SMAD1,hsa-miR-26a,2,-9.57
NM_001099784,FBXL19,hsa-miR-26a,2,-9.54
NM_000533;NM_199478,PLP1,hsa-miR-26a,1,-9.52
NM_004327;NM_021574,BCR,hsa-miR-26a,1,-9.48
NM_001004317,LIN28B,hsa-miR-26a,1,-9.47
NM_033272,KCNH7,hsa-miR-26a,1,-9.47
NM_002508,NID1,hsa-miR-26a,1,-9.41
NM_014683,ULK2,hsa-miR-26a,2,-9.4
NM_001635;NM_139316,AMPH,hsa-miR-26a,1,-9.39
NM_025010,KLHL18,hsa-miR-26a,1,-9.37
NM_152835,PDIK1L,hsa-miR-26a,2,-9.37
NM_004457;NM_203372,ACSL3,hsa-miR-26a,1,-9.35
NM_001858,COL19A1,hsa-miR-26a,1,-9.32
NM_018330,KIAA1598,hsa-miR-26a,1,-9.3
NM_004170,SLC1A1,hsa-miR-26a,1,-9.23
NM_001707,BCL7B,hsa-miR-26a,1,-9.11
NM_001085049;NM_012219,MRAS,hsa-miR-26a,1,-9.09
NM_001001484;NM_030664,PTER,hsa-miR-26a,1,-9.06
NM_014294,TRAM1,hsa-miR-26a,1,-9.02
NM_001102653;NM_199324,OTUD4,hsa-miR-26a,1,-9
NM_001040712;NM_002839;NM_130391;NM_130392;NM_130393,PTPRD,hsa-miR-26a,1,-8.85
NM_015192;NM_182734,PLCB1,hsa-miR-26a,1,-8.85
NM_181521,CMTM4,hsa-miR-26a,1,-8.83
NM_004255,COX5A,hsa-miR-26a,1,-8.82
NM_005584,MAB21L1,hsa-miR-26a,1,-8.82
NM_014620;NM_153633,HOXC4,hsa-miR-26a,1,-8.82
NM_020854,KIAA1468,hsa-miR-26a,1,-8.82
NM_002270;NM_153188,TNPO1,hsa-miR-26a,2,-8.77
NM_003390,WEE1,hsa-miR-26a,1,-8.76
NM_003615,SLC4A7,hsa-miR-26a,1,-8.7
NM_001969;NM_183004,EIF5,hsa-miR-26a,1,-8.68
NM_020403;NM_203487,PCDH9,hsa-miR-26a,1,-8.64
NM_004124,GMFB,hsa-miR-26a,1,-8.62
NM_003670,BHLHB2,hsa-miR-26a,1,-8.56
NM_014631,SH3PXD2A,hsa-miR-26a,1,-8.53
NM_014682,ST18,hsa-miR-26a,1,-8.53
NM_001100626;NM_006459,ERLIN1,hsa-miR-26a,1,-8.49
NM_003988,PAX2,hsa-miR-26a,1,-8.48
NM_001039538;NM_002374;NM_031845;NM_031847,MAP2,hsa-miR-26a,1,-8.45
NM_014999,RAB21,hsa-miR-26a,1,-8.45
NM_007249,KLF12,hsa-miR-26a,1,-8.44
NM_152716,FLJ36874,hsa-miR-26a,1,-8.44
NM_004747,DLG5,hsa-miR-26a,1,-8.41
NM_003902,FUBP1,hsa-miR-26a,1,-8.39
NM_012307,EPB41L3,hsa-miR-26a,1,-8.37
NM_001039618,ZF,hsa-miR-26a,2,-8.35
NM_014790,JAKMIP2,hsa-miR-26a,1,-8.35
NM_025187,LIN10,hsa-miR-26a,1,-8.35
NM_001105562;NM_006048,UBE4B,hsa-miR-26a,1,-8.31
NM_001002814,RAB11FIP1,hsa-miR-26a,1,-8.3
NM_001024647;NM_022456;NM_175623;NM_175624;NM_175625,RAB3IP,hsa-miR-26a,1,-8.3
NM_001018088;NM_018080,VPS13C,hsa-miR-26a,1,-8.25
NM_152707,SLC25A16,hsa-miR-26a,2,-8.24
NM_001037164;NM_005738;NM_212460,ARL4A,hsa-miR-26a,1,-8.21
NM_001968,EIF4E,hsa-miR-26a,1,-8.2
NM_020762,SRGAP1,hsa-miR-26a,1,-8.18
NM_002372,MAN2A1,hsa-miR-26a,1,-8.17
NM_005436,CCDC6,hsa-miR-26a,1,-8.14
NM_020335,VANGL2,hsa-miR-26a,1,-8.14
NM_153607,LOC153222,hsa-miR-26a,3,-8.11
NM_006257,PRKCQ,hsa-miR-26a,1,-8.02
NM_006252,PRKAA2,hsa-miR-26a,1,-7.98
NM_014021,SSX2IP,hsa-miR-26a,1,-7.94
NM_033426,KIAA1737,hsa-miR-26a,2,-7.94
NM_001005473,PLCXD3,hsa-miR-26a,1,-7.92
NM_016356,DCDC2,hsa-miR-26a,1,-7.91
NM_001039936;NM_004067,CHN2,hsa-miR-26a,1,-7.84
NM_020926,BCOR,hsa-miR-26a,1,-7.82
NM_001039840,CHIC1,hsa-miR-26a,2,-7.77
NM_001042603;NM_005056,JARID1A,hsa-miR-26a,1,-7.69
NM_012287,CENTB2,hsa-miR-26a,1,-7.63
NM_005509,DMXL1,hsa-miR-26a,1,-7.58
NM_014810,CEP350,hsa-miR-26a,2,-7.56
NM_001018103,GRINL1A,hsa-miR-26a,1,-7.55
NM_145753,PHLDB2,hsa-miR-26a,1,-7.49
NM_024306,FA2H,hsa-miR-26a,1,-7.46
NM_012249,RHOQ,hsa-miR-26a,2,-7.41
NM_006888,CALM1,hsa-miR-26a,1,-7.34
NM_020850,RANBP10,hsa-miR-26a,1,-7.33
NM_015630,EPC2,hsa-miR-26a,1,-7.32
NM_005339,HIP2,hsa-miR-26a,2,-7.29
NM_018650,MARK1,hsa-miR-26a,1,-7.29
NM_003338,UBE2D1,hsa-miR-26a,1,-7.28
NM_000891,KCNJ2,hsa-miR-26a,1,-7.25
NM_014807,TMEM24,hsa-miR-26a,1,-7.22
NM_005684,GPR52,hsa-miR-26a,1,-7.2
NM_001040181;NM_001040182;NM_001040183;NM_001040199;NM_001040200;NM_019895,CLDND1,hsa-miR-26a,1,-7.16
NM_020432,PHTF2,hsa-miR-26a,2,-7.15
NM_001609,ACADSB,hsa-miR-26a,1,-7.14
NM_015475,FAM98A,hsa-miR-26a,2,-7.11
NM_001080470,ZNF697,hsa-miR-26a,1,-7.1
NM_003947,KALRN,hsa-miR-26a,1,-7.1
NM_007011;NM_152924,ABHD2,hsa-miR-26a,1,-7.1
NM_006537,USP3,hsa-miR-26a,1,-7.09
NM_020715,PLEKHH1,hsa-miR-26a,1,-7.09
NM_020747,ZNF608,hsa-miR-26a,1,-7.07
NM_015576,CAST1,hsa-miR-26a,1,-7.06
NM_014961,RUFY3,hsa-miR-26a,1,-7.03
NM_020443,NAV1,hsa-miR-26a,1,-7.02
NM_001098801;NM_152352,C18orf19,hsa-miR-26a,1,-6.98
NM_003483,HMGA2,hsa-miR-26a,1,-6.96
NM_001104647;NM_018155,SLC25A36,hsa-miR-26a,1,-6.94
NM_178812,MTDH,hsa-miR-26a,1,-6.94
NM_002822,PTK9,hsa-miR-26a,1,-6.92
NM_080927,DCBLD2,hsa-miR-26a,1,-6.92
NM_015156,RCOR1,hsa-miR-26a,1,-6.88
NM_032453,ZNF527,hsa-miR-26a,1,-6.87
NM_001015877,PHF6,hsa-miR-26a,1,-6.86
NM_032458,PHF6,hsa-miR-26a,1,-6.86
NM_017545,HAO1,hsa-miR-26a,1,-6.8
NM_001008225,CNOT4,hsa-miR-26a,1,-6.79
NM_144979,MGC27016,hsa-miR-26a,1,-6.79
NM_015138,RTF1,hsa-miR-26a,2,-6.78
NM_021648,TSPYL4,hsa-miR-26a,1,-6.77
NM_001034915,RBM35A,hsa-miR-26a,1,-6.75
NM_012421,RLF,hsa-miR-26a,1,-6.75
NM_005966,NAB1,hsa-miR-26a,1,-6.74
NM_025191,C1orf22,hsa-miR-26a,1,-6.73
NM_203382,AMACR,hsa-miR-26a,1,-6.72
NM_144993,MGC22014,hsa-miR-26a,2,-6.65
NM_000601;NM_001010932,HGF,hsa-miR-26a,1,-6.63
NM_000726;NM_001005746;NM_001005747,CACNB4,hsa-miR-26a,1,-6.63
NM_021132,PPP3CB,hsa-miR-26a,1,-6.62
NM_001260,CDK8,hsa-miR-26a,1,-6.57
NM_021136;NM_206852;NM_206857,RTN1,hsa-miR-26a,1,-6.57
NM_152622,MIER3,hsa-miR-26a,1,-6.57
NM_001010986;NM_173694,ATP11C,hsa-miR-26a,1,-6.55
NM_152641,ARID2,hsa-miR-26a,1,-6.52
NM_001011658;NM_014563,TRAPPC2,hsa-miR-26a,1,-6.51
NM_152699,SENP5,hsa-miR-26a,1,-6.51
NM_018169,C12orf35,hsa-miR-26a,1,-6.5
NM_182767,SLC6A15,hsa-miR-26a,1,-6.49
NM_005845,ABCC4,hsa-miR-26a,1,-6.48
NM_002719;NM_178586,PPP2R5C,hsa-miR-26a,1,-6.47
NM_005941,MMP16,hsa-miR-26a,1,-6.47
NM_015310;NM_206909,PSD3,hsa-miR-26a,1,-6.45
NM_139242,MTFMT,hsa-miR-26a,1,-6.42
NM_001880,ATF2,hsa-miR-26a,1,-6.41
NM_015652,C10orf12,hsa-miR-26a,1,-6.41
NM_002193,INHBB,hsa-miR-26a,1,-6.4
NM_052911,ESCO1,hsa-miR-26a,1,-6.37
NM_012224,NEK1,hsa-miR-26a,1,-6.35
NM_014397,NEK6,hsa-miR-26a,1,-6.34
NM_001332,CTNND2,hsa-miR-26a,1,-6.27
NM_024602,HECTD3,hsa-miR-26a,1,-6.26
NM_015241,MICAL3,hsa-miR-26a,1,-6.24
NM_018840;NM_199483,C20orf24,hsa-miR-26a,1,-6.24
NM_004965,HMGN1,hsa-miR-26a,1,-6.21
NM_012297;NM_203504;NM_203505,G3BP2,hsa-miR-26a,1,-6.2
NM_025133,FBXO11,hsa-miR-26a,1,-6.19
NM_002576,PAK1,hsa-miR-26a,1,-6.18
NM_012083,FRAT2,hsa-miR-26a,1,-6.17
NM_005644,TAF12,hsa-miR-26a,1,-6.13
NM_020700,PPM1H,hsa-miR-26a,1,-6.08
NM_001079802;NM_006731,FCMD,hsa-miR-26a,1,-6.06
NM_001024843;NM_015088,TNRC6B,hsa-miR-26a,2,-6
NM_001124,ADM,hsa-miR-26a,1,-5.99
NM_003342,UBE2G1,hsa-miR-26a,1,-5.99
NM_153367,C10orf56,hsa-miR-26a,1,-5.99
NM_001004196;NM_005944,CD200,hsa-miR-26a,1,-5.98
NM_022719,DGCR14,hsa-miR-26a,1,-5.97
NM_001035521;NM_001521,GTF3C2,hsa-miR-26a,1,-5.88
NM_001025077,CUGBP2,hsa-miR-26a,1,-5.85
NM_001098484;NM_003759,SLC4A4,hsa-miR-26a,1,-5.85
NM_014445,SERP1,hsa-miR-26a,1,-5.83
NM_006931,SLC2A3,hsa-miR-26a,1,-5.81
NM_002583,PAWR,hsa-miR-26a,1,-5.78
NM_001006634;NM_018054,ARHGAP17,hsa-miR-26a,1,-5.77
NM_001008541;NM_005962;NM_130439,MXI1,hsa-miR-26a,1,-5.76
NM_001039590;NM_001039591,USP9X,hsa-miR-26a,2,-5.76
NM_014331,SLC7A11,hsa-miR-26a,1,-5.73
NM_033389,SSH2,hsa-miR-26a,1,-5.69
NM_152344,LSM12,hsa-miR-26a,1,-5.67
NM_032047,B3GNT5,hsa-miR-26a,1,-5.64
NM_000618,IGF1,hsa-miR-26a,1,-5.63
NM_001500,GMDS,hsa-miR-26a,1,-5.62
NM_005909,MAP1B,hsa-miR-26a,1,-5.61
NM_006897,HOXC9,hsa-miR-26a,1,-5.58
NM_021183,RAP2C,hsa-miR-26a,1,-5.56
NM_033285,TP53INP1,hsa-miR-26a,1,-5.52
NM_012164,FBXW2,hsa-miR-26a,1,-5.5
NM_203394,E2F7,hsa-miR-26a,1,-5.5
NM_000493,COL10A1,hsa-miR-26a,1,-5.49
NM_005749,TOB1,hsa-miR-26a,1,-5.49
NM_014947,FOXJ3,hsa-miR-26a,1,-5.49
NM_175767,IL6ST,hsa-miR-26a,1,-5.48
NM_006264;NM_080683;NM_080684;NM_080685,PTPN13,hsa-miR-26a,1,-5.47
NM_000321,RB1,hsa-miR-26a,1,-5.46
NM_014363,SACS,hsa-miR-26a,1,-5.46
NM_001031716,OBFC2A,hsa-miR-26a,1,-5.44
NM_170606,MLL3,hsa-miR-26a,1,-5.44
NM_006206,PDGFRA,hsa-miR-26a,1,-5.39
NM_020858;NM_153616;NM_153617;NM_153618;NM_153619,SEMA6D,hsa-miR-26a,1,-5.39
NM_005156,ROD1,hsa-miR-26a,2,-5.37
NM_019102,HOXA5,hsa-miR-26a,1,-5.34
NM_014496,RPS6KA6,hsa-miR-26a,1,-5.29
NM_006251;NM_206907,PRKAA1,hsa-miR-26a,1,-5.28
NM_015245,ANKS1A,hsa-miR-26a,1,-5.28
NM_000945,PPP3R1,hsa-miR-26a,1,-5.27
NM_033132,ZIC5,hsa-miR-26a,1,-5.25
NM_002977,SCN9A,hsa-miR-26a,2,-5.22
NM_001104586;NM_024744,ALS2CR8,hsa-miR-26a,1,-5.21
NM_003392,WNT5A,hsa-miR-26a,1,-5.21
NM_172070,ZNF650,hsa-miR-26a,1,-5.19
NM_153757,NAP1L5,hsa-miR-26a,1,-5.12
NM_198993,STAC2,hsa-miR-26a,1,-5.11
NM_001033925;NM_003252,TIAL1,hsa-miR-26a,1,-5.08
NM_003750,EIF3S10,hsa-miR-26a,1,-5.06
NM_006915,RP2,hsa-miR-26a,1,-5.05
NM_001017405;NM_005882,MAEA,hsa-miR-26a,1,-5.04
NM_014415,ZBTB11,hsa-miR-26a,1,-5.03
NM_012417;NM_181671,PITPNC1,hsa-miR-26a,1,-4.99
NM_017644,KLHL24,hsa-miR-26a,1,-4.97
NM_024565,CCNJL,hsa-miR-26a,1,-4.97
NM_012337,CCDC19,hsa-miR-26a,1,-4.96
NM_020765,ZUBR1,hsa-miR-26a,1,-4.95
NM_001002860,BTBD7,hsa-miR-26a,1,-4.93
NM_001003682,TTMB,hsa-miR-26a,1,-4.91
NM_022906,FLJ13195,hsa-miR-26a,1,-4.91
NM_021643,TRIB2,hsa-miR-26a,1,-4.89
NM_015257,KIAA0286,hsa-miR-26a,1,-4.86
NM_015315;NM_033551,LARP1,hsa-miR-26a,1,-4.85
NM_018704,CTTNBP2NL,hsa-miR-26a,1,-4.84
NM_001100108;NM_005158;NM_007314,ABL2,hsa-miR-26a,2,-4.82
NM_145259,ACVR1C,hsa-miR-26a,1,-4.8
NM_004667,HERC2,hsa-miR-26a,1,-4.79
NM_000702,ATP1A2,hsa-miR-26a,1,-4.75
NM_019004,ANKIB1,hsa-miR-26a,1,-4.75
NM_001046,SLC12A2,hsa-miR-26a,1,-4.74
NM_015879,ST8SIA3,hsa-miR-26a,1,-4.74
NM_197941,ADAMTS6,hsa-miR-26a,1,-4.7
NM_004225,MFHAS1,hsa-miR-26a,1,-4.69
NM_015123,FRMD4B,hsa-miR-26a,1,-4.68
NM_001042559;NM_001418,EIF4G2,hsa-miR-26a,2,-4.66
NM_018979,WNK1,hsa-miR-26a,1,-4.65
NM_005359,SMAD4,hsa-miR-26a,1,-4.64
NM_021229,NTN4,hsa-miR-26a,1,-4.62
NM_000214,JAG1,hsa-miR-26a,1,-4.61
NM_001109662,C12orf51,hsa-miR-26a,1,-4.6
NM_016255,FAM8A1,hsa-miR-26a,1,-4.59
NM_014109,ATAD2,hsa-miR-26a,1,-4.57
NM_017740,ZDHHC7,hsa-miR-26a,1,-4.56
NM_013233,STK39,hsa-miR-26a,1,-4.5
NM_001977,ENPEP,hsa-miR-26a,1,-4.49
NM_022841,RFXDC2,hsa-miR-26a,1,-4.46
NM_052879;NM_199188;NM_199190,LARP4,hsa-miR-26a,1,-4.44
NM_006226,PLCL1,hsa-miR-26a,1,-4.43
NM_014494,TNRC6A,hsa-miR-26a,1,-4.43
NM_024525,TTC13,hsa-miR-26a,1,-4.41
NM_000963,PTGS2,hsa-miR-26a,1,-4.4
NM_001009899,KIAA2018,hsa-miR-26a,1,-4.4
NM_006813,PNRC1,hsa-miR-26a,1,-4.33
NM_001017395;NM_015008,TMCC1,hsa-miR-26a,1,-4.32
NM_013450,BAZ2B,hsa-miR-26a,1,-4.32
NM_003135,SRP19,hsa-miR-26a,1,-4.3
NM_005066,SFPQ,hsa-miR-26a,1,-4.3
NM_001259,CDK6,hsa-miR-26a,1,-4.29
NM_144571,CNOT6L,hsa-miR-26a,1,-4.29
NM_024721,ZFHX4,hsa-miR-26a,1,-4.28
NM_006828,ASCC3,hsa-miR-26a,1,-4.25
NM_014048,MKL2,hsa-miR-26a,2,-4.25
NM_015693,PDZD6,hsa-miR-26a,1,-4.25
NM_175854,PAN3,hsa-miR-26a,1,-4.24
NM_018718,TSGA14,hsa-miR-26a,1,-4.23
NM_001037339;NM_001037340;NM_001037341;NM_002600,PDE4B,hsa-miR-26a,1,-4.22
NM_000252,MTM1,hsa-miR-26a,1,-4.2
NM_005668,ST8SIA4,hsa-miR-26a,1,-4.2
NM_173491,LSM11,hsa-miR-26a,1,-4.18
NM_017734,PALMD,hsa-miR-26a,1,-4.17
NM_014290,TDRD7,hsa-miR-26a,1,-4.14
NM_020116,FSTL5,hsa-miR-26a,1,-4.12
NM_144710;NM_178584,10-Sep,hsa-miR-26a,1,-4.09
NM_031435,THAP2,hsa-miR-26a,1,-4.08
NM_198992,SYT10,hsa-miR-26a,1,-4.08
NM_001827,CKS2,hsa-miR-26a,1,-4.06
NM_002093,GSK3B,hsa-miR-26a,1,-4.05
NM_033081,DIDO1,hsa-miR-26a,1,-4.03
NM_001085471;NM_005197,FOXN3,hsa-miR-26a,1,-3.98
NM_017552,ATAD2B,hsa-miR-26a,1,-3.93
NM_052885,SLC2A13,hsa-miR-26a,1,-3.93
NM_019050,USP53,hsa-miR-26a,1,-3.92
NM_015409,EP400,hsa-miR-26a,1,-3.91
NM_032256,TMEM117,hsa-miR-26a,1,-3.91
NM_014774,KIAA0494,hsa-miR-26a,1,-3.85
NM_004232,SOCS6,hsa-miR-26a,1,-3.83
NM_005859,PURA,hsa-miR-26a,1,-3.8
NM_017845,COMMD8,hsa-miR-26a,1,-3.78
NM_006037,HDAC4,hsa-miR-26a,1,-3.77
NM_004419,DUSP5,hsa-miR-26a,1,-3.76
NM_002748,MAPK6,hsa-miR-26a,1,-3.73
NM_016083;NM_033181,CNR1,hsa-miR-26a,1,-3.7
NM_017544,NKRF,hsa-miR-26a,1,-3.69
NM_153646;NM_153647;NM_153648,SLC24A4,hsa-miR-26a,1,-3.62
NM_000829;NM_001077243,GRIA4,hsa-miR-26a,1,-3.61
NM_001010935;NM_002884,RAP1A,hsa-miR-26a,1,-3.57
NM_002648,PIM1,hsa-miR-26a,1,-3.56
NM_013396,USP25,hsa-miR-26a,1,-3.56
NM_017769,KIAA1333,hsa-miR-26a,1,-3.55
NM_001001740;NM_022457,RFWD2,hsa-miR-26a,1,-3.52
NM_014805,EPM2AIP1,hsa-miR-26a,1,-3.48
NM_207009,FAM45A,hsa-miR-26a,1,-3.46
NM_001080412,ZBTB38,hsa-miR-26a,1,-3.45
NM_005977;NM_183043;NM_183044,RNF6,hsa-miR-26a,1,-3.45
NM_003305,TRPC3,hsa-miR-26a,1,-3.4
NM_001006623,WDR33,hsa-miR-26a,1,-3.38
NM_022776,OSBPL11,hsa-miR-26a,1,-3.38
NM_000335;NM_001099404;NM_001099405;NM_198056,SCN5A,hsa-miR-26a,1,-3.36
NM_003980,MAP7,hsa-miR-26a,1,-3.32
NM_152758,YTHDF3,hsa-miR-26a,1,-3.31
NM_021982,SEC24A,hsa-miR-26a,1,-3.28
NM_020748,INTS2,hsa-miR-26a,1,-3.26
NM_002577,PAK2,hsa-miR-26a,1,-3.21
NM_001102445;NM_005613,RGS4,hsa-miR-26a,1,-3.18
NM_018190,BBS7,hsa-miR-26a,1,-3.17
NM_001009569;NM_004641,MLLT10,hsa-miR-26a,1,-3.13
NM_153371,LNX2,hsa-miR-26a,1,-3.13
NM_015348,TMEM131,hsa-miR-26a,1,-3.12
NM_019113,FGF21,hsa-miR-26a,1,-3.11
NM_006699,MAN1A2,hsa-miR-26a,1,-3.09
NM_057175,NARG1,hsa-miR-26a,2,-3.08
NM_000461,THRB,hsa-miR-26a,1,-3.06
NM_173569,FLJ25778,hsa-miR-26a,1,-3.03
NM_000627;NM_206943,LTBP1,hsa-miR-26a,1,-3.01
NM_006313,USP15,hsa-miR-26a,1,-3.01
NM_004930,CAPZB,hsa-miR-26a,1,-2.97
NM_001083914;NM_001329;NM_022802,CTBP2,hsa-miR-26a,1,-2.96
NM_004566,PFKFB3,hsa-miR-26a,1,-2.9
NM_004463,FGD1,hsa-miR-26a,1,-2.88
NM_004815,ARHGAP29,hsa-miR-26a,1,-2.88
NM_014705,DOCK4,hsa-miR-26a,2,-2.88
NM_138459,C6orf68,hsa-miR-26a,1,-2.88
NM_014667,VGLL4,hsa-miR-26a,1,-2.84
NM_003410,ZFX,hsa-miR-26a,1,-2.77
NM_015491;NM_032870,C6orf111,hsa-miR-26a,1,-2.77
NM_001448,GPC4,hsa-miR-26a,1,-2.75
NM_000135,FANCA,hsa-miR-26a,1,-2.73
NM_145313,RASGEF1A,hsa-miR-26a,1,-2.73
NM_001759,CCND2,hsa-miR-26a,1,-2.72
NM_013296,GPSM2,hsa-miR-26a,1,-2.72
NM_032246,RKHD3,hsa-miR-26a,1,-2.72
NM_033274,ADAM19,hsa-miR-26a,1,-2.71
NM_015188,TBC1D12,hsa-miR-26a,1,-2.67
NM_007214,SEC63,hsa-miR-26a,1,-2.64
NM_012264,C22orf5,hsa-miR-26a,1,-2.62
NM_004456;NM_152998,EZH2,hsa-miR-26a,1,-2.58
NM_001009555,SH3D19,hsa-miR-26a,1,-2.56
NM_145000,FLJ25422,hsa-miR-26a,1,-2.53
NM_005664,MKRN3,hsa-miR-26a,1,-2.5
NM_003613,CILP,hsa-miR-26a,1,-2.49
NM_000935;NM_182943,PLOD2,hsa-miR-26a,1,-2.48
NM_004432,ELAVL2,hsa-miR-26a,1,-2.48
NM_173797,PAPD4,hsa-miR-26a,1,-2.43
NM_001080508,TBX18,hsa-miR-26a,1,-2.41
NM_006526,ZNF217,hsa-miR-26a,1,-2.37
NM_005911,MAT2A,hsa-miR-26a,1,-2.31
NM_025179,PLXNA2,hsa-miR-26a,1,-2.31
NM_002968,SALL1,hsa-miR-26a,1,-2.24
NM_006080,SEMA3A,hsa-miR-26a,1,-2.24
NM_006047;NM_152838,RBM12,hsa-miR-26a,1,-2.21
NM_006178,NSF,hsa-miR-26a,1,-2.2
NM_020871,LRCH2,hsa-miR-26a,1,-2.18
NM_001008537,KIAA2022,hsa-miR-26a,1,-2.12
NM_015045,WAPAL,hsa-miR-26a,1,-2.12
NM_174916,UBR1,hsa-miR-26a,1,-2.12
NM_000860,HPGD,hsa-miR-26a,1,-2.11
NM_152739,HOXA9,hsa-miR-26a,1,-2.09
NM_001101386,LOC643896,hsa-miR-26a,1,-2.07
NM_015083;NM_016507,CRKRS,hsa-miR-26a,1,-2.06
NM_001188,BAK1,hsa-miR-26a,1,-2.04
NM_152787,TAB3,hsa-miR-26a,1,-2.01
NM_000109;NM_004006;NM_004007;NM_004009;NM_004010;NM_004011;NM_004012;NM_004013;NM_004014;NM_004015;NM_004016;NM_004017;NM_004018;NM_004020;NM_004021;NM_004022;NM_004023,DMD,hsa-miR-26a,1,-1.93
NM_173611,FAM98B,hsa-miR-26a,1,-1.85
NM_001025580;NM_015365,AMMECR1,hsa-miR-26a,1,-1.81
NM_017658,BTBD5,hsa-miR-26a,1,-1.78
NM_002902,RCN2,hsa-miR-26a,1,-1.77
NM_015224,C3orf63,hsa-miR-26a,1,-1.76
NM_014932,NLGN1,hsa-miR-26a,1,-1.75
NM_004842;NM_016377;NM_138633,AKAP7,hsa-miR-26a,1,-1.74
NM_007172;NM_153645,NUP50,hsa-miR-26a,1,-1.73
NM_080874,ASB5,hsa-miR-26a,1,-1.69
NM_005737,ARL4C,hsa-miR-26a,1,-1.66
NM_001042473;NM_145698,ACBD5,hsa-miR-26a,1,-1.64
NM_001018067;NM_001018068;NM_001018069;NM_015640,SERBP1,hsa-miR-26a,1,-1.62
NM_003633,ENC1,hsa-miR-26a,1,-1.62
NM_004768,SFRS11,hsa-miR-26a,1,-1.61
NM_022048,CSNK1G1,hsa-miR-26a,1,-1.61
NM_001981,EPS15,hsa-miR-26a,1,-1.58
NM_018963,BRWD1,hsa-miR-26a,1,-1.52
NM_018657,MYNN,hsa-miR-26a,1,-1.45
NM_001017980,LOC203547,hsa-miR-26a,1,-1.27
NM_002592;NM_182649,PCNA,hsa-miR-26a,1,-1.17
NM_032052,ZNF278,hsa-miR-26a,1,-1.14
NM_145658,SPESP1,hsa-miR-26a,1,-1.13
NM_000089,COL1A2,hsa-miR-26a,1,-1.12
NM_014832,TBC1D4,hsa-miR-26a,1,-1.03
NM_001029884,PLEKHG1,hsa-miR-26a,1,-1.01
NM_015335,THRAP2,hsa-miR-26a,1,-1
NM_000248;NM_006722;NM_198158;NM_198159;NM_198177;NM_198178,MITF,hsa-miR-26a,1,-0.98
NM_005921,MAP3K1,hsa-miR-26a,1,-0.93
NM_017998,C9orf40,hsa-miR-26a,1,-0.93
NM_000719,CACNA1C,hsa-miR-26a,1,-0.91
NM_030625,CXXC6,hsa-miR-26a,1,-0.91
NM_130809,LOC133619,hsa-miR-26a,1,-0.91
NM_012266,DNAJB5,hsa-miR-26a,1,-0.9
NM_181670,ANKS1B,hsa-miR-26a,1,-0.9
NM_020346,SLC17A6,hsa-miR-26a,1,-0.89
NM_004642,CDK2AP1,hsa-miR-26a,1,-0.88
NM_001032282;NM_005655,KLF10,hsa-miR-26a,1,-0.83
NM_014028,OSTM1,hsa-miR-26a,1,-0.81
NM_000328,RPGR,hsa-miR-26a,1,-0.8
NM_022771,TBC1D15,hsa-miR-26a,1,-0.79
NM_014612,C9orf10,hsa-miR-26a,1,-0.78
NM_014835;NM_144498,OSBPL2,hsa-miR-26a,1,-0.69
NM_004392;NM_080759;NM_080760,DACH1,hsa-miR-26a,1,-0.53
NM_001365,DLG4,hsa-miR-26a,1,-0.42
NM_006609,MAP3K2,hsa-miR-26a,1,-0.41
NM_001101396,LOC646227,hsa-miR-26a,1,-0.26
NM_173667,FLJ37543,hsa-miR-26a,1,-0.22
NM_014335,CRI1,hsa-miR-26a,1,-0.17
NM_007010;NM_152300,DDX52,hsa-miR-26a,1,-0.16
NM_001008738;NM_133372,FNIP1,hsa-miR-26a,1,-0.11
NM_021205,RHOU,hsa-miR-26a,1,-0.049
NM_018126,TMEM33,hsa-miR-26a,1,0.067
NM_133638,ADAMTS19,hsa-miR-26a,1,0.067
NM_002205,ITGA5,hsa-miR-26a,1,0.17
NM_006628,ARPP-19,hsa-miR-26a,1,0.18
NM_006885,ATBF1,hsa-miR-26a,1,0.3
NM_005746,PBEF1,hsa-miR-26a,1,0.31
NM_014011;NM_144949,SOCS5,hsa-miR-26a,1,0.31
NM_177968,PPM1B,hsa-miR-26a,1,0.32
NM_000868,HTR2C,hsa-miR-26a,1,0.34
NM_001005845;NM_003816,ADAM9,hsa-miR-26a,1,0.39
NM_152277,DC-UbP,hsa-miR-26a,1,0.45
NM_001009554;NM_021647,MFAP3L,hsa-miR-26a,1,0.47
NM_003137,SRPK1,hsa-miR-26a,2,0.56
NM_002318,LOXL2,hsa-miR-26a,1,0.97
NM_133265,AMOT,hsa-miR-26a,1,1.1
NM_021224,ZNF462,hsa-miR-26a,1,1.19
NM_004921,CLCA3,hsa-miR-26a,1,1.42
NM_145251,STYX,hsa-miR-26a,1,1.43
NM_003787,NOL4,hsa-miR-26a,1,1.45
NM_173822,FAM126B,hsa-miR-26a,1,1.59
NM_018191,RCBTB1,hsa-miR-26a,1,2.14
NM_025027,ZNF606,hsa-miR-26a,1,2.99
NM_003565,ULK1,hsa-miR-26a,1,3.09
NM_018369,DEPDC1B,hsa-miR-26a,1,3.14
NM_001085400,RELL1,hsa-miR-26a,1,4.96
NM_001238;NM_057182,CCNE1,hsa-miR-26a,1,6.87
NM_032560,KIAA2010,hsa-miR-26a,1,7.11
